[
{
  "model": "movies.director",
  "pk": 1,
  "fields": {
    "tmdb_id": 940376,
    "name": "Kelly Marcel",
    "photo_url": "https://image.tmdb.org/t/p/w500/thpdVW7O1975GcA3eNs1H8UIlmd.jpg"
  }
},
{
  "model": "movies.director",
  "pk": 2,
  "fields": {
    "tmdb_id": 933176,
    "name": "Damien Leone",
    "photo_url": "https://image.tmdb.org/t/p/w500/nX2kkYD32x2PC9rRU7DrYCRPjFE.jpg"
  }
},
{
  "model": "movies.director",
  "pk": 3,
  "fields": {
    "tmdb_id": 66193,
    "name": "Chris Sanders",
    "photo_url": "https://image.tmdb.org/t/p/w500/6CtrIOCxggJ5eIAWeFQqd4Hs9FP.jpg"
  }
},
{
  "model": "movies.director",
  "pk": 4,
  "fields": {
    "tmdb_id": 578,
    "name": "Ridley Scott",
    "photo_url": "https://image.tmdb.org/t/p/w500/zABJmN9opmqD4orWl3KSdCaSo7Q.jpg"
  }
},
{
  "model": "movies.director",
  "pk": 5,
  "fields": {
    "tmdb_id": 1607016,
    "name": "Coralie Fargeat",
    "photo_url": "https://image.tmdb.org/t/p/w500/8TlTqFD5RnJGBxxzarpvygZlRXC.jpg"
  }
},
{
  "model": "movies.director",
  "pk": 6,
  "fields": {
    "tmdb_id": 97555,
    "name": "Roel Reiné",
    "photo_url": "https://image.tmdb.org/t/p/w500/nOc53uSl8bBNfkuLGlXnOZwbYdu.jpg"
  }
},
{
  "model": "movies.director",
  "pk": 7,
  "fields": {
    "tmdb_id": 51851,
    "name": "Jake Kasdan",
    "photo_url": "https://image.tmdb.org/t/p/w500/pIpY7zcBSpq6Z3Q1eADPtKDB043.jpg"
  }
},
{
  "model": "movies.director",
  "pk": 8,
  "fields": {
    "tmdb_id": 84496,
    "name": "Josh Cooley",
    "photo_url": "https://image.tmdb.org/t/p/w500/eGN0vaFmKtqHu1nFi3Lv4roQ6P2.jpg"
  }
},
{
  "model": "movies.director",
  "pk": 9,
  "fields": {
    "tmdb_id": 17211,
    "name": "Randall Emmett",
    "photo_url": "https://image.tmdb.org/t/p/w500/qkSvRlmJFSPl9Y1qMiOZyfP29mU.jpg"
  }
},
{
  "model": "movies.director",
  "pk": 10,
  "fields": {
    "tmdb_id": 58255,
    "name": "Alexandre de La Patellière",
    "photo_url": "https://image.tmdb.org/t/p/w500/er7ZbU5inozZfFmvpwswjujxBos.jpg"
  }
},
{
  "model": "movies.director",
  "pk": 11,
  "fields": {
    "tmdb_id": 232898,
    "name": "Frédéric Jardin",
    "photo_url": "https://image.tmdb.org/t/p/w500/uiJA1LYyfFcFUuxYBl21F6Hx7BL.jpg"
  }
},
{
  "model": "movies.director",
  "pk": 12,
  "fields": {
    "tmdb_id": 19119,
    "name": "Mélanie Laurent",
    "photo_url": "https://image.tmdb.org/t/p/w500/pKV3XJ6mlzfj0B0MGS8uMcMI9cl.jpg"
  }
},
{
  "model": "movies.director",
  "pk": 13,
  "fields": {
    "tmdb_id": 84697,
    "name": "E.L. Katz",
    "photo_url": "https://image.tmdb.org/t/p/w500/y0QSBve9p7NZ3KR3RpPhDSlFp4P.jpg"
  }
},
{
  "model": "movies.director",
  "pk": 14,
  "fields": {
    "tmdb_id": 1157595,
    "name": "Nick McKinless",
    "photo_url": "https://image.tmdb.org/t/p/w500/7EE9cDfjV0eAHhGyeIQOOw4UEZK.jpg"
  }
},
{
  "model": "movies.director",
  "pk": 15,
  "fields": {
    "tmdb_id": 372442,
    "name": "Michael S. Ojeda",
    "photo_url": null
  }
},
{
  "model": "movies.director",
  "pk": 16,
  "fields": {
    "tmdb_id": 52842,
    "name": "Garth Jennings",
    "photo_url": "https://image.tmdb.org/t/p/w500/zl6ZWijGySSIYJRFalleAiGkxyQ.jpg"
  }
},
{
  "model": "movies.director",
  "pk": 17,
  "fields": {
    "tmdb_id": 35453,
    "name": "Pierre Morel",
    "photo_url": "https://image.tmdb.org/t/p/w500/pfuvCNPt4BtK81GnMy4GpxYoCs9.jpg"
  }
},
{
  "model": "movies.director",
  "pk": 18,
  "fields": {
    "tmdb_id": 4881199,
    "name": "Carlos Ayala",
    "photo_url": null
  }
},
{
  "model": "movies.director",
  "pk": 19,
  "fields": {
    "tmdb_id": 57130,
    "name": "Todd Phillips",
    "photo_url": "https://image.tmdb.org/t/p/w500/A6FPht87DiqXzp456WjakLi2AtP.jpg"
  }
},
{
  "model": "movies.director",
  "pk": 20,
  "fields": {
    "tmdb_id": 116612,
    "name": "Josephine Bornebusch",
    "photo_url": "https://image.tmdb.org/t/p/w500/nba2j9kEqZrFI1VdoYNXxWeK2Mv.jpg"
  }
},
{
  "model": "movies.actor",
  "pk": 1,
  "fields": {
    "tmdb_id": 2524,
    "name": "Tom Hardy",
    "photo_url": "https://image.tmdb.org/t/p/w500/d81K0RH8UX7tZj49tZaQhZ9ewH.jpg"
  }
},
{
  "model": "movies.actor",
  "pk": 2,
  "fields": {
    "tmdb_id": 5294,
    "name": "Chiwetel Ejiofor",
    "photo_url": "https://image.tmdb.org/t/p/w500/kq5DDnqqofoRI0t6ddtRlsJnNPT.jpg"
  }
},
{
  "model": "movies.actor",
  "pk": 3,
  "fields": {
    "tmdb_id": 36594,
    "name": "Juno Temple",
    "photo_url": "https://image.tmdb.org/t/p/w500/wMpZcKp7zaHnmNQooqbve33577Q.jpg"
  }
},
{
  "model": "movies.actor",
  "pk": 4,
  "fields": {
    "tmdb_id": 1861573,
    "name": "Clark Backo",
    "photo_url": "https://image.tmdb.org/t/p/w500/d24KKFxfoql6PBsBPsejFgzhSlH.jpg"
  }
},
{
  "model": "movies.actor",
  "pk": 5,
  "fields": {
    "tmdb_id": 7026,
    "name": "Rhys Ifans",
    "photo_url": "https://image.tmdb.org/t/p/w500/1D670EEsbky3EtO7XLG32A09p92.jpg"
  }
},
{
  "model": "movies.actor",
  "pk": 6,
  "fields": {
    "tmdb_id": 1115,
    "name": "Stephen Graham",
    "photo_url": "https://image.tmdb.org/t/p/w500/hRq4Rq8IbLL4nGCu11N5ePESdI6.jpg"
  }
},
{
  "model": "movies.actor",
  "pk": 7,
  "fields": {
    "tmdb_id": 2141479,
    "name": "Peggy Lu",
    "photo_url": "https://image.tmdb.org/t/p/w500/ng5eaDcOf9kSwIYGNmwF9wEfIHp.jpg"
  }
},
{
  "model": "movies.actor",
  "pk": 8,
  "fields": {
    "tmdb_id": 10402,
    "name": "Alanna Ubach",
    "photo_url": "https://image.tmdb.org/t/p/w500/ffyBAEoW3bDgVJQV3GaHsZ9x29W.jpg"
  }
},
{
  "model": "movies.actor",
  "pk": 9,
  "fields": {
    "tmdb_id": 1368479,
    "name": "Hala Finley",
    "photo_url": "https://image.tmdb.org/t/p/w500/cVLLrES860YANUMzJUo20HUR7TI.jpg"
  }
},
{
  "model": "movies.actor",
  "pk": 10,
  "fields": {
    "tmdb_id": 3106475,
    "name": "Dash McCloud",
    "photo_url": "https://image.tmdb.org/t/p/w500/8WmRoUrM5S7rA0TVSdKGOSh9uq8.jpg"
  }
},
{
  "model": "movies.actor",
  "pk": 11,
  "fields": {
    "tmdb_id": 1882502,
    "name": "Lauren LaVera",
    "photo_url": "https://image.tmdb.org/t/p/w500/qJYWq2oZcvHh7lnGskxkrYXCom0.jpg"
  }
},
{
  "model": "movies.actor",
  "pk": 12,
  "fields": {
    "tmdb_id": 1880016,
    "name": "David Howard Thornton",
    "photo_url": "https://image.tmdb.org/t/p/w500/9nYijs4ACzjg93zKezLiLmuRGvp.jpg"
  }
},
{
  "model": "movies.actor",
  "pk": 13,
  "fields": {
    "tmdb_id": 1676771,
    "name": "Samantha Scaffidi",
    "photo_url": "https://image.tmdb.org/t/p/w500/jwd0XXuc4ibXAXjOxmhsFP0fQEO.jpg"
  }
},
{
  "model": "movies.actor",
  "pk": 14,
  "fields": {
    "tmdb_id": 2787720,
    "name": "Elliott Fullam",
    "photo_url": "https://image.tmdb.org/t/p/w500/dNsFLihmWfA2KCENbZCtq9AjSob.jpg"
  }
},
{
  "model": "movies.actor",
  "pk": 15,
  "fields": {
    "tmdb_id": 37405,
    "name": "Margaret Anne Florence",
    "photo_url": "https://image.tmdb.org/t/p/w500/c2EqBueLCrn6XEnmfutylUd1icl.jpg"
  }
},
{
  "model": "movies.actor",
  "pk": 16,
  "fields": {
    "tmdb_id": 65769,
    "name": "Bryce Johnson",
    "photo_url": "https://image.tmdb.org/t/p/w500/iyHjMvKijZZDVZkK681JAio4nAh.jpg"
  }
},
{
  "model": "movies.actor",
  "pk": 17,
  "fields": {
    "tmdb_id": 1452953,
    "name": "Alexa Blair Robertson",
    "photo_url": "https://image.tmdb.org/t/p/w500/zwTs9vDLKtvtxZztiH6gYUfK5MC.jpg"
  }
},
{
  "model": "movies.actor",
  "pk": 18,
  "fields": {
    "tmdb_id": 3743767,
    "name": "Antonella Rose",
    "photo_url": "https://image.tmdb.org/t/p/w500/sdqM1qQEjRuo460AuUOjFAH7kCm.jpg"
  }
},
{
  "model": "movies.actor",
  "pk": 19,
  "fields": {
    "tmdb_id": 3250317,
    "name": "Mason Mecartea",
    "photo_url": "https://image.tmdb.org/t/p/w500/jkbpjqRFBmAaGILnDiqpnPj0qty.jpg"
  }
},
{
  "model": "movies.actor",
  "pk": 20,
  "fields": {
    "tmdb_id": 2829463,
    "name": "Krsy Fox",
    "photo_url": "https://image.tmdb.org/t/p/w500/6bRT5c4MoP7yP3yza5HFdV9ajra.jpg"
  }
},
{
  "model": "movies.actor",
  "pk": 21,
  "fields": {
    "tmdb_id": 1267329,
    "name": "Lupita Nyong'o",
    "photo_url": "https://image.tmdb.org/t/p/w500/y40Wu1T742kynOqtwXASc5Qgm49.jpg"
  }
},
{
  "model": "movies.actor",
  "pk": 22,
  "fields": {
    "tmdb_id": 1253360,
    "name": "Pedro Pascal",
    "photo_url": "https://image.tmdb.org/t/p/w500/9VYK7oxcqhjd5LAH6ZFJ3XzOlID.jpg"
  }
},
{
  "model": "movies.actor",
  "pk": 23,
  "fields": {
    "tmdb_id": 1538851,
    "name": "Kit Connor",
    "photo_url": "https://image.tmdb.org/t/p/w500/gCIdbnV9D3lzTaOB0YtuKDz6Nt0.jpg"
  }
},
{
  "model": "movies.actor",
  "pk": 24,
  "fields": {
    "tmdb_id": 2440,
    "name": "Bill Nighy",
    "photo_url": "https://image.tmdb.org/t/p/w500/ixFI2YCGNGJfwlpI8iyhvVZRg8C.jpg"
  }
},
{
  "model": "movies.actor",
  "pk": 25,
  "fields": {
    "tmdb_id": 1381186,
    "name": "Stephanie Hsu",
    "photo_url": "https://image.tmdb.org/t/p/w500/8gb3lfIHKQAGOQyeC4ynQPsCiHr.jpg"
  }
},
{
  "model": "movies.actor",
  "pk": 26,
  "fields": {
    "tmdb_id": 1488236,
    "name": "Matt Berry",
    "photo_url": "https://image.tmdb.org/t/p/w500/7a1sWg1W7ZmNF8bLSnyAlJgQQGD.jpg"
  }
},
{
  "model": "movies.actor",
  "pk": 27,
  "fields": {
    "tmdb_id": 10182,
    "name": "Ving Rhames",
    "photo_url": "https://image.tmdb.org/t/p/w500/4gpLVNKPZlVucc4fT2fSZ7DksTK.jpg"
  }
},
{
  "model": "movies.actor",
  "pk": 28,
  "fields": {
    "tmdb_id": 2,
    "name": "Mark Hamill",
    "photo_url": "https://image.tmdb.org/t/p/w500/2ZulC2Ccq1yv3pemusks6Zlfy2s.jpg"
  }
},
{
  "model": "movies.actor",
  "pk": 29,
  "fields": {
    "tmdb_id": 11514,
    "name": "Catherine O'Hara",
    "photo_url": "https://image.tmdb.org/t/p/w500/cMBxHeztNVc8YXKcj084Mdd3f3U.jpg"
  }
},
{
  "model": "movies.actor",
  "pk": 30,
  "fields": {
    "tmdb_id": 4967567,
    "name": "Boone Storm",
    "photo_url": null
  }
},
{
  "model": "movies.actor",
  "pk": 31,
  "fields": {
    "tmdb_id": 2326151,
    "name": "Paul Mescal",
    "photo_url": "https://image.tmdb.org/t/p/w500/vrzZ41TGNAFgfmZjC2sOJySzBLd.jpg"
  }
},
{
  "model": "movies.actor",
  "pk": 32,
  "fields": {
    "tmdb_id": 5292,
    "name": "Denzel Washington",
    "photo_url": "https://image.tmdb.org/t/p/w500/jj2Gcobpopokal0YstuCQW0ldJ4.jpg"
  }
},
{
  "model": "movies.actor",
  "pk": 33,
  "fields": {
    "tmdb_id": 935,
    "name": "Connie Nielsen",
    "photo_url": "https://image.tmdb.org/t/p/w500/lvQypTfeH2Gn2PTbzq6XkT2PLmn.jpg"
  }
},
{
  "model": "movies.actor",
  "pk": 34,
  "fields": {
    "tmdb_id": 1597365,
    "name": "Joseph Quinn",
    "photo_url": "https://image.tmdb.org/t/p/w500/zshhuioZaH8S5ZKdMcojzWi1ntl.jpg"
  }
},
{
  "model": "movies.actor",
  "pk": 35,
  "fields": {
    "tmdb_id": 2099497,
    "name": "Fred Hechinger",
    "photo_url": "https://image.tmdb.org/t/p/w500/dLFy4KFR556j4Z9WstsslhJCwyZ.jpg"
  }
},
{
  "model": "movies.actor",
  "pk": 36,
  "fields": {
    "tmdb_id": 1259880,
    "name": "Lior Raz",
    "photo_url": "https://image.tmdb.org/t/p/w500/bl3KLFUQ4Q0zC9lCU4qP1Jf4qHS.jpg"
  }
},
{
  "model": "movies.actor",
  "pk": 37,
  "fields": {
    "tmdb_id": 937,
    "name": "Derek Jacobi",
    "photo_url": "https://image.tmdb.org/t/p/w500/htc4eCYmNlVotcu8AFTbDiLBzsJ.jpg"
  }
},
{
  "model": "movies.actor",
  "pk": 38,
  "fields": {
    "tmdb_id": 68278,
    "name": "Peter Mensah",
    "photo_url": "https://image.tmdb.org/t/p/w500/t94TFc6f71AUmZFqdaQfjr7LTRp.jpg"
  }
},
{
  "model": "movies.actor",
  "pk": 39,
  "fields": {
    "tmdb_id": 26209,
    "name": "Matt Lucas",
    "photo_url": "https://image.tmdb.org/t/p/w500/2OhGLJqiknaWlbTkG2KDwT935km.jpg"
  }
},
{
  "model": "movies.actor",
  "pk": 40,
  "fields": {
    "tmdb_id": 3416,
    "name": "Demi Moore",
    "photo_url": "https://image.tmdb.org/t/p/w500/brENIHiNrGUpoBMPqIEQwFNdIsc.jpg"
  }
},
{
  "model": "movies.actor",
  "pk": 41,
  "fields": {
    "tmdb_id": 1392137,
    "name": "Margaret Qualley",
    "photo_url": "https://image.tmdb.org/t/p/w500/jStNyMj3acpLuH48awLVLqqlyaV.jpg"
  }
},
{
  "model": "movies.actor",
  "pk": 42,
  "fields": {
    "tmdb_id": 6065,
    "name": "Dennis Quaid",
    "photo_url": "https://image.tmdb.org/t/p/w500/lMaDAJHzsKH7U3dln2B3kY3rOhE.jpg"
  }
},
{
  "model": "movies.actor",
  "pk": 43,
  "fields": {
    "tmdb_id": 2313436,
    "name": "Edward Hamilton-Clark",
    "photo_url": "https://image.tmdb.org/t/p/w500/q1EWL2z2xMcbf84TpOTqGs6Csxs.jpg"
  }
},
{
  "model": "movies.actor",
  "pk": 44,
  "fields": {
    "tmdb_id": 1508131,
    "name": "Gore Abrams",
    "photo_url": "https://image.tmdb.org/t/p/w500/bKMTqbl0FYlzIC6aTMKQZNAhhXK.jpg"
  }
},
{
  "model": "movies.actor",
  "pk": 45,
  "fields": {
    "tmdb_id": 2566289,
    "name": "Oscar Lesage",
    "photo_url": "https://image.tmdb.org/t/p/w500/6yd3eODeuk0nuiFYbmLzpDTL5k2.jpg"
  }
},
{
  "model": "movies.actor",
  "pk": 46,
  "fields": {
    "tmdb_id": 45849,
    "name": "Christian Erickson",
    "photo_url": "https://image.tmdb.org/t/p/w500/cpEzQNW1EsRmK8SMj4y5xwevXwM.jpg"
  }
},
{
  "model": "movies.actor",
  "pk": 47,
  "fields": {
    "tmdb_id": 4954230,
    "name": "Robin Greer",
    "photo_url": "https://image.tmdb.org/t/p/w500/ndu0tbz16mtOchMROcnJf2pPchg.jpg"
  }
},
{
  "model": "movies.actor",
  "pk": 48,
  "fields": {
    "tmdb_id": 584338,
    "name": "Tom Morton",
    "photo_url": "https://image.tmdb.org/t/p/w500/aOdP4niQX4ckaFwPQmbf0mlYTC5.jpg"
  }
},
{
  "model": "movies.actor",
  "pk": 49,
  "fields": {
    "tmdb_id": 1720509,
    "name": "Hugo Diego Garcia",
    "photo_url": "https://image.tmdb.org/t/p/w500/mC0Aly8hHgNIYvZSa1SZmYU47pn.jpg"
  }
},
{
  "model": "movies.actor",
  "pk": 50,
  "fields": {
    "tmdb_id": 6383,
    "name": "Aaron Eckhart",
    "photo_url": "https://image.tmdb.org/t/p/w500/6rI3cYhdxOaOFSRB4C29MalpwDC.jpg"
  }
},
{
  "model": "movies.actor",
  "pk": 51,
  "fields": {
    "tmdb_id": 3129,
    "name": "Tim Roth",
    "photo_url": "https://image.tmdb.org/t/p/w500/qSizF2i9gz6c6DbAC5RoIq8sVqX.jpg"
  }
},
{
  "model": "movies.actor",
  "pk": 52,
  "fields": {
    "tmdb_id": 17140,
    "name": "Abigail Breslin",
    "photo_url": "https://image.tmdb.org/t/p/w500/1MQMfcb3fuN0lC1egdaOnHcTlm8.jpg"
  }
},
{
  "model": "movies.actor",
  "pk": 53,
  "fields": {
    "tmdb_id": 1075104,
    "name": "Matt Hookings",
    "photo_url": "https://image.tmdb.org/t/p/w500/iPmO808tQE0Pm52vQFhevRGZIEn.jpg"
  }
},
{
  "model": "movies.actor",
  "pk": 54,
  "fields": {
    "tmdb_id": 4916739,
    "name": "Lucky Ali",
    "photo_url": "https://image.tmdb.org/t/p/w500/6jVOyyw9LqFeS8N8gYgCKI2Rj6Q.jpg"
  }
},
{
  "model": "movies.actor",
  "pk": 55,
  "fields": {
    "tmdb_id": 1516315,
    "name": "Joe Azzopardi",
    "photo_url": "https://image.tmdb.org/t/p/w500/pImRPY1hkIXU7oLZO1znJOdoDDg.jpg"
  }
},
{
  "model": "movies.actor",
  "pk": 56,
  "fields": {
    "tmdb_id": 4068962,
    "name": "Kirsty Bartolo",
    "photo_url": null
  }
},
{
  "model": "movies.actor",
  "pk": 57,
  "fields": {
    "tmdb_id": 1516314,
    "name": "Marc Cabourdin",
    "photo_url": "https://image.tmdb.org/t/p/w500/pHdQEE0ekaeQnUYXuzCRQNYGpP2.jpg"
  }
},
{
  "model": "movies.actor",
  "pk": 58,
  "fields": {
    "tmdb_id": 2251047,
    "name": "Myles Clohessy",
    "photo_url": "https://image.tmdb.org/t/p/w500/7qhWkGv1W4taPFBVZ43U0snlrDm.jpg"
  }
},
{
  "model": "movies.actor",
  "pk": 59,
  "fields": {
    "tmdb_id": 2465152,
    "name": "Kim DeLonghi",
    "photo_url": "https://image.tmdb.org/t/p/w500/2eSJYs4rcliLsBAGEFuAEeLzfx3.jpg"
  }
},
{
  "model": "movies.actor",
  "pk": 60,
  "fields": {
    "tmdb_id": 18918,
    "name": "Dwayne Johnson",
    "photo_url": "https://image.tmdb.org/t/p/w500/5QApZVV8FUFlVxQpIK3Ew6cqotq.jpg"
  }
},
{
  "model": "movies.actor",
  "pk": 61,
  "fields": {
    "tmdb_id": 16828,
    "name": "Chris Evans",
    "photo_url": "https://image.tmdb.org/t/p/w500/3bOGNsHlrswhyW79uvIHH1V43JI.jpg"
  }
},
{
  "model": "movies.actor",
  "pk": 62,
  "fields": {
    "tmdb_id": 18999,
    "name": "J.K. Simmons",
    "photo_url": "https://image.tmdb.org/t/p/w500/ScmKoJ9eiSUOthAt1PDNLi8Fkw.jpg"
  }
},
{
  "model": "movies.actor",
  "pk": 63,
  "fields": {
    "tmdb_id": 140,
    "name": "Lucy Liu",
    "photo_url": "https://image.tmdb.org/t/p/w500/9nbtjqsx3De7hO2XDtrBQ7M9VCH.jpg"
  }
},
{
  "model": "movies.actor",
  "pk": 64,
  "fields": {
    "tmdb_id": 934289,
    "name": "Kiernan Shipka",
    "photo_url": "https://image.tmdb.org/t/p/w500/t2FWVLTIhVRIa398mQAfN4thO5R.jpg"
  }
},
{
  "model": "movies.actor",
  "pk": 65,
  "fields": {
    "tmdb_id": 5149,
    "name": "Bonnie Hunt",
    "photo_url": "https://image.tmdb.org/t/p/w500/tT9C6uLztgN8OxJULq6F9iEzqlA.jpg"
  }
},
{
  "model": "movies.actor",
  "pk": 66,
  "fields": {
    "tmdb_id": 571418,
    "name": "Kristofer Hivju",
    "photo_url": "https://image.tmdb.org/t/p/w500/bACL39GihNmBnFRay78rS3PUHsH.jpg"
  }
},
{
  "model": "movies.actor",
  "pk": 67,
  "fields": {
    "tmdb_id": 208519,
    "name": "Nick Kroll",
    "photo_url": "https://image.tmdb.org/t/p/w500/vdgpGtSXqTBnIKrKNMZocdFu7pX.jpg"
  }
},
{
  "model": "movies.actor",
  "pk": 68,
  "fields": {
    "tmdb_id": 2947012,
    "name": "Wesley Kimmel",
    "photo_url": "https://image.tmdb.org/t/p/w500/lN3VfrQiYmU9ldZRHie8PQtnOe2.jpg"
  }
},
{
  "model": "movies.actor",
  "pk": 69,
  "fields": {
    "tmdb_id": 139309,
    "name": "Mary Elizabeth Ellis",
    "photo_url": "https://image.tmdb.org/t/p/w500/8tf8w69Bl6MO5P8r8Vk6dFnHKxx.jpg"
  }
},
{
  "model": "movies.actor",
  "pk": 70,
  "fields": {
    "tmdb_id": 74568,
    "name": "Chris Hemsworth",
    "photo_url": "https://image.tmdb.org/t/p/w500/piQGdoIQOF3C1EI5cbYZLAW1gfj.jpg"
  }
},
{
  "model": "movies.actor",
  "pk": 71,
  "fields": {
    "tmdb_id": 226366,
    "name": "Brian Tyree Henry",
    "photo_url": "https://image.tmdb.org/t/p/w500/2MsJh0bpyzwvOUnXOltHp3j85Pb.jpg"
  }
},
{
  "model": "movies.actor",
  "pk": 72,
  "fields": {
    "tmdb_id": 1245,
    "name": "Scarlett Johansson",
    "photo_url": "https://image.tmdb.org/t/p/w500/6NsMbJXRlDZuDzatN2akFdGuTvx.jpg"
  }
},
{
  "model": "movies.actor",
  "pk": 73,
  "fields": {
    "tmdb_id": 298410,
    "name": "Keegan-Michael Key",
    "photo_url": "https://image.tmdb.org/t/p/w500/xmdzYXP9j87a43FSiL138nLesuS.jpg"
  }
},
{
  "model": "movies.actor",
  "pk": 74,
  "fields": {
    "tmdb_id": 65717,
    "name": "Jon Hamm",
    "photo_url": "https://image.tmdb.org/t/p/w500/mrXE5fZbEDPc7BEE5G21J6qrwzi.jpg"
  }
},
{
  "model": "movies.actor",
  "pk": 75,
  "fields": {
    "tmdb_id": 884,
    "name": "Steve Buscemi",
    "photo_url": "https://image.tmdb.org/t/p/w500/n0pZumkrcZrAPMoPq684RhYnjPV.jpg"
  }
},
{
  "model": "movies.actor",
  "pk": 76,
  "fields": {
    "tmdb_id": 2975,
    "name": "Laurence Fishburne",
    "photo_url": "https://image.tmdb.org/t/p/w500/aBRISux1AGCqkFNTKHYfLcJunWA.jpg"
  }
},
{
  "model": "movies.actor",
  "pk": 77,
  "fields": {
    "tmdb_id": 171997,
    "name": "Vanessa Liguori",
    "photo_url": "https://image.tmdb.org/t/p/w500/9EkNTWHZ1U83XuQJ9VU9sldxI9g.jpg"
  }
},
{
  "model": "movies.actor",
  "pk": 78,
  "fields": {
    "tmdb_id": 2204260,
    "name": "Jon Bailey",
    "photo_url": null
  }
},
{
  "model": "movies.actor",
  "pk": 79,
  "fields": {
    "tmdb_id": 1375036,
    "name": "Jason Konopisos-Alvarez",
    "photo_url": "https://image.tmdb.org/t/p/w500/vWunN0rdthwvaX3FOj1tmQIMylD.jpg"
  }
},
{
  "model": "movies.actor",
  "pk": 80,
  "fields": {
    "tmdb_id": 8891,
    "name": "John Travolta",
    "photo_url": "https://image.tmdb.org/t/p/w500/eVWcevrvGLLqt9gkDMruqgLJPsp.jpg"
  }
},
{
  "model": "movies.actor",
  "pk": 81,
  "fields": {
    "tmdb_id": 38025,
    "name": "Kristin Davis",
    "photo_url": "https://image.tmdb.org/t/p/w500/61TjappibaZ1i8pEFlqwK2yrR2W.jpg"
  }
},
{
  "model": "movies.actor",
  "pk": 82,
  "fields": {
    "tmdb_id": 526,
    "name": "Lukas Haas",
    "photo_url": "https://image.tmdb.org/t/p/w500/6LNGu3o2aBiYNTDkbXMDIGyQtBh.jpg"
  }
},
{
  "model": "movies.actor",
  "pk": 83,
  "fields": {
    "tmdb_id": 2138143,
    "name": "Quavo",
    "photo_url": "https://image.tmdb.org/t/p/w500/xnNpJvPluhit6LFxLEFlbZwHtoJ.jpg"
  }
},
{
  "model": "movies.actor",
  "pk": 84,
  "fields": {
    "tmdb_id": 4286420,
    "name": "Joel Cohen",
    "photo_url": "https://image.tmdb.org/t/p/w500/26khzGvkwfTdR3f6rNAtQ39Z8OF.jpg"
  }
},
{
  "model": "movies.actor",
  "pk": 85,
  "fields": {
    "tmdb_id": 53252,
    "name": "Noel Gugliemi",
    "photo_url": "https://image.tmdb.org/t/p/w500/8jujXofjpSroMQ1R2JLB0GWIPor.jpg"
  }
},
{
  "model": "movies.actor",
  "pk": 86,
  "fields": {
    "tmdb_id": 143381,
    "name": "Daniel Louis Rivas",
    "photo_url": "https://image.tmdb.org/t/p/w500/iwzU845PyJaXqBwPvudFPGwTAFR.jpg"
  }
},
{
  "model": "movies.actor",
  "pk": 87,
  "fields": {
    "tmdb_id": 2070149,
    "name": "Natali Yura",
    "photo_url": "https://image.tmdb.org/t/p/w500/hu0yDZwdHZyv24BAyJzrfq2hjPr.jpg"
  }
},
{
  "model": "movies.actor",
  "pk": 88,
  "fields": {
    "tmdb_id": 3017591,
    "name": "Victorya Brandart",
    "photo_url": "https://image.tmdb.org/t/p/w500/e1sHZQwuQyQmfR1Hey8sSeub1nf.jpg"
  }
},
{
  "model": "movies.actor",
  "pk": 89,
  "fields": {
    "tmdb_id": 4023041,
    "name": "Jake Ellenz",
    "photo_url": "https://image.tmdb.org/t/p/w500/oJmJcPW3ixWTs67bVzWl73wRt5T.jpg"
  }
},
{
  "model": "movies.actor",
  "pk": 90,
  "fields": {
    "tmdb_id": 145121,
    "name": "Pierre Niney",
    "photo_url": "https://image.tmdb.org/t/p/w500/aMsGsnRPet7pZ2ppAxaRdBz4yGU.jpg"
  }
},
{
  "model": "movies.actor",
  "pk": 91,
  "fields": {
    "tmdb_id": 910944,
    "name": "Bastien Bouillon",
    "photo_url": "https://image.tmdb.org/t/p/w500/NNaftwlsU8rvBY4e4LX25ZTKgB.jpg"
  }
},
{
  "model": "movies.actor",
  "pk": 92,
  "fields": {
    "tmdb_id": 123989,
    "name": "Anaïs Demoustier",
    "photo_url": "https://image.tmdb.org/t/p/w500/kObYOu3UYkNcQGg1gnl4xitwhNc.jpg"
  }
},
{
  "model": "movies.actor",
  "pk": 93,
  "fields": {
    "tmdb_id": 1021689,
    "name": "Anamaria Vartolomei",
    "photo_url": "https://image.tmdb.org/t/p/w500/oU56hySuXi4Q51gX6nPcplWybQo.jpg"
  }
},
{
  "model": "movies.actor",
  "pk": 94,
  "fields": {
    "tmdb_id": 93532,
    "name": "Laurent Lafitte",
    "photo_url": "https://image.tmdb.org/t/p/w500/lpF5sb1aEMEmxxfZT3u8PWGEipC.jpg"
  }
},
{
  "model": "movies.actor",
  "pk": 95,
  "fields": {
    "tmdb_id": 17839,
    "name": "Pierfrancesco Favino",
    "photo_url": "https://image.tmdb.org/t/p/w500/hedzgTKFKrSleWvLkBlANng8w4T.jpg"
  }
},
{
  "model": "movies.actor",
  "pk": 96,
  "fields": {
    "tmdb_id": 56404,
    "name": "Patrick Mille",
    "photo_url": "https://image.tmdb.org/t/p/w500/vxpQlYMyZNmDPD6JQrcnfRPdNI2.jpg"
  }
},
{
  "model": "movies.actor",
  "pk": 97,
  "fields": {
    "tmdb_id": 125839,
    "name": "Vassili Schneider",
    "photo_url": "https://image.tmdb.org/t/p/w500/hYy6OgeSjCrcZXNnrb2ITlbufiU.jpg"
  }
},
{
  "model": "movies.actor",
  "pk": 98,
  "fields": {
    "tmdb_id": 3551190,
    "name": "Julien de Saint Jean",
    "photo_url": "https://image.tmdb.org/t/p/w500/7LgzmUUyAPSRhAT5a5v7l6aGviH.jpg"
  }
},
{
  "model": "movies.actor",
  "pk": 99,
  "fields": {
    "tmdb_id": 1261727,
    "name": "Julie de Bona",
    "photo_url": "https://image.tmdb.org/t/p/w500/t4lIM96f4CAKpT8ouk5j4VlQgCU.jpg"
  }
},
{
  "model": "movies.actor",
  "pk": 100,
  "fields": {
    "tmdb_id": 1073985,
    "name": "Andreas Pietschmann",
    "photo_url": "https://image.tmdb.org/t/p/w500/2eXCr0GfkjVRbPgMacZlR8fMjYL.jpg"
  }
},
{
  "model": "movies.actor",
  "pk": 101,
  "fields": {
    "tmdb_id": 23671,
    "name": "Émilie Dequenne",
    "photo_url": "https://image.tmdb.org/t/p/w500/aNGdK8n9GCzgHbxcucqdgmKM8lR.jpg"
  }
},
{
  "model": "movies.actor",
  "pk": 102,
  "fields": {
    "tmdb_id": 4340928,
    "name": "Lucas Ebel",
    "photo_url": null
  }
},
{
  "model": "movies.actor",
  "pk": 103,
  "fields": {
    "tmdb_id": 234921,
    "name": "Arben Bajraktaraj",
    "photo_url": "https://image.tmdb.org/t/p/w500/3MYjqNvkUv0ltieUw2Hhfrs3W6y.jpg"
  }
},
{
  "model": "movies.actor",
  "pk": 104,
  "fields": {
    "tmdb_id": 4980097,
    "name": "Lisa Delamar",
    "photo_url": null
  }
},
{
  "model": "movies.actor",
  "pk": 105,
  "fields": {
    "tmdb_id": 1196396,
    "name": "Olivier Ho Hio Hen",
    "photo_url": null
  }
},
{
  "model": "movies.actor",
  "pk": 106,
  "fields": {
    "tmdb_id": 2417980,
    "name": "Lucas Bravo",
    "photo_url": "https://image.tmdb.org/t/p/w500/uO6vMlJBMASyOQMisvnPehjsfJB.jpg"
  }
},
{
  "model": "movies.actor",
  "pk": 107,
  "fields": {
    "tmdb_id": 2245,
    "name": "Yvan Attal",
    "photo_url": "https://image.tmdb.org/t/p/w500/2VaxsiFuad8uHHWTM6Fc71wtNCx.jpg"
  }
},
{
  "model": "movies.actor",
  "pk": 108,
  "fields": {
    "tmdb_id": 3755824,
    "name": "Léa Luce Busato",
    "photo_url": "https://image.tmdb.org/t/p/w500/TeeCdnPoSWH4ZihjXh71v4tLTw.jpg"
  }
},
{
  "model": "movies.actor",
  "pk": 109,
  "fields": {
    "tmdb_id": 1170608,
    "name": "Steve Tientcheu",
    "photo_url": "https://image.tmdb.org/t/p/w500/zhKrlGuSLuRPg8Jev18k5z7SHwE.jpg"
  }
},
{
  "model": "movies.actor",
  "pk": 110,
  "fields": {
    "tmdb_id": 1636467,
    "name": "David Ayala",
    "photo_url": "https://image.tmdb.org/t/p/w500/g1FlhpnXANAvr80osb0rpazI5V6.jpg"
  }
},
{
  "model": "movies.actor",
  "pk": 111,
  "fields": {
    "tmdb_id": 2852439,
    "name": "Léo Chalié",
    "photo_url": "https://image.tmdb.org/t/p/w500/vmuNIVYP9lbuMcxNa4i3CgXLWuU.jpg"
  }
},
{
  "model": "movies.actor",
  "pk": 112,
  "fields": {
    "tmdb_id": 1100011,
    "name": "Slimane Dazi",
    "photo_url": "https://image.tmdb.org/t/p/w500/tHh9XviWroQWkKOa2jRPh5EkHTW.jpg"
  }
},
{
  "model": "movies.actor",
  "pk": 113,
  "fields": {
    "tmdb_id": 1142910,
    "name": "David Murgia",
    "photo_url": "https://image.tmdb.org/t/p/w500/bgFLJDc4KzNG5dN7mZeGsazbKvl.jpg"
  }
},
{
  "model": "movies.actor",
  "pk": 114,
  "fields": {
    "tmdb_id": 230400,
    "name": "Radivoje Bukvić",
    "photo_url": "https://image.tmdb.org/t/p/w500/64B4gbIM5RsoPDBhKcMa0AmN8xQ.jpg"
  }
},
{
  "model": "movies.actor",
  "pk": 115,
  "fields": {
    "tmdb_id": 19119,
    "name": "Mélanie Laurent",
    "photo_url": "https://image.tmdb.org/t/p/w500/pKV3XJ6mlzfj0B0MGS8uMcMI9cl.jpg"
  }
},
{
  "model": "movies.actor",
  "pk": 116,
  "fields": {
    "tmdb_id": 1372369,
    "name": "Samara Weaving",
    "photo_url": "https://image.tmdb.org/t/p/w500/7sHnBVEiJOzjdfzUHo9vvDLkoCH.jpg"
  }
},
{
  "model": "movies.actor",
  "pk": 117,
  "fields": {
    "tmdb_id": 1141086,
    "name": "Vic Carmen Sonne",
    "photo_url": "https://image.tmdb.org/t/p/w500/2ROtesSqxXDT9IszpKkspsHp42O.jpg"
  }
},
{
  "model": "movies.actor",
  "pk": 118,
  "fields": {
    "tmdb_id": 137537,
    "name": "Katariina Unt",
    "photo_url": "https://image.tmdb.org/t/p/w500/nJiJuzppxhOSWjCmt4tYm0vnylE.jpg"
  }
},
{
  "model": "movies.actor",
  "pk": 119,
  "fields": {
    "tmdb_id": 1460359,
    "name": "Peter Christoffersen",
    "photo_url": "https://image.tmdb.org/t/p/w500/tJXFLKYVnKZTE0LxrdMeERcZyL1.jpg"
  }
},
{
  "model": "movies.actor",
  "pk": 120,
  "fields": {
    "tmdb_id": 221980,
    "name": "Nathan Stewart-Jarrett",
    "photo_url": "https://image.tmdb.org/t/p/w500/xWd7wOIgJlxAKoIo5sgrZh6G2jl.jpg"
  }
},
{
  "model": "movies.actor",
  "pk": 121,
  "fields": {
    "tmdb_id": 3804639,
    "name": "Johhan Rosenberg",
    "photo_url": null
  }
},
{
  "model": "movies.actor",
  "pk": 122,
  "fields": {
    "tmdb_id": 85751,
    "name": "Eero Milonoff",
    "photo_url": "https://image.tmdb.org/t/p/w500/2U6EPXeURLuX7zQU1gD0euS8DCP.jpg"
  }
},
{
  "model": "movies.actor",
  "pk": 123,
  "fields": {
    "tmdb_id": 1442695,
    "name": "Sebastian Bull Sarning",
    "photo_url": "https://image.tmdb.org/t/p/w500/kXaF4zEKU8fpw9c0VkRYxxmg9gL.jpg"
  }
},
{
  "model": "movies.actor",
  "pk": 124,
  "fields": {
    "tmdb_id": 1562631,
    "name": "Rea Lest",
    "photo_url": "https://image.tmdb.org/t/p/w500/lLTwtn1VWuzxGf4j1JsiV2Vym6j.jpg"
  }
},
{
  "model": "movies.actor",
  "pk": 125,
  "fields": {
    "tmdb_id": 1634845,
    "name": "Phong Giang",
    "photo_url": "https://image.tmdb.org/t/p/w500/s4Bx4cSiQHn7hevaNMZhqv6zIBV.jpg"
  }
},
{
  "model": "movies.actor",
  "pk": 126,
  "fields": {
    "tmdb_id": 78110,
    "name": "Scott Adkins",
    "photo_url": "https://image.tmdb.org/t/p/w500/9NRr2a1riIn5CWn5McZLJlk4vxR.jpg"
  }
},
{
  "model": "movies.actor",
  "pk": 127,
  "fields": {
    "tmdb_id": 59860,
    "name": "Alice Eve",
    "photo_url": "https://image.tmdb.org/t/p/w500/tJUSx0Cw7pCnRsCWbGTX2POiTKM.jpg"
  }
},
{
  "model": "movies.actor",
  "pk": 128,
  "fields": {
    "tmdb_id": 1810180,
    "name": "Jack Parr",
    "photo_url": "https://image.tmdb.org/t/p/w500/9rva81mBAVFaZUA1x7njRb32Mdq.jpg"
  }
},
{
  "model": "movies.actor",
  "pk": 129,
  "fields": {
    "tmdb_id": 2423284,
    "name": "Billy Clements",
    "photo_url": "https://image.tmdb.org/t/p/w500/nipJ22DXJBsdM1teQodwop42U6S.jpg"
  }
},
{
  "model": "movies.actor",
  "pk": 130,
  "fields": {
    "tmdb_id": 1675742,
    "name": "Mădălina Bellariu Ion",
    "photo_url": "https://image.tmdb.org/t/p/w500/8M8HNOixq1S8YpJUytlIYw72F66.jpg"
  }
},
{
  "model": "movies.actor",
  "pk": 131,
  "fields": {
    "tmdb_id": 2178151,
    "name": "Renars Latkovskis",
    "photo_url": "https://image.tmdb.org/t/p/w500/2pNeLg1VIXFtr9b2lwwBIPvkHAp.jpg"
  }
},
{
  "model": "movies.actor",
  "pk": 132,
  "fields": {
    "tmdb_id": 2524579,
    "name": "Nik Coleman",
    "photo_url": null
  }
},
{
  "model": "movies.actor",
  "pk": 133,
  "fields": {
    "tmdb_id": 2989638,
    "name": "Alba De Torrebruna",
    "photo_url": null
  }
},
{
  "model": "movies.actor",
  "pk": 134,
  "fields": {
    "tmdb_id": 2044666,
    "name": "Oksana Orlan",
    "photo_url": "https://image.tmdb.org/t/p/w500/lofMKIpjHygZ2p6g27FQj8otsjH.jpg"
  }
},
{
  "model": "movies.actor",
  "pk": 135,
  "fields": {
    "tmdb_id": 2198257,
    "name": "Sebastián Carvajal",
    "photo_url": "https://image.tmdb.org/t/p/w500/cBaHCzpZe27KzWviS41heE01sSe.jpg"
  }
},
{
  "model": "movies.actor",
  "pk": 136,
  "fields": {
    "tmdb_id": 3862081,
    "name": "María del Rosario",
    "photo_url": "https://image.tmdb.org/t/p/w500/ln83cpcticvSWbEMVUD3NtmmLCA.jpg"
  }
},
{
  "model": "movies.actor",
  "pk": 137,
  "fields": {
    "tmdb_id": 48530,
    "name": "Maurice Compte",
    "photo_url": "https://image.tmdb.org/t/p/w500/9PFInf2I0kqjAU0CmZhdDWmHfwT.jpg"
  }
},
{
  "model": "movies.actor",
  "pk": 138,
  "fields": {
    "tmdb_id": 208702,
    "name": "Chase Coleman",
    "photo_url": "https://image.tmdb.org/t/p/w500/eXrwo2UOgDLbywSUxUBBQcGZbgf.jpg"
  }
},
{
  "model": "movies.actor",
  "pk": 139,
  "fields": {
    "tmdb_id": 169173,
    "name": "Ski Carr",
    "photo_url": "https://image.tmdb.org/t/p/w500/8D2Ufof8zJ38U3mbWsLZ2jWtaXd.jpg"
  }
},
{
  "model": "movies.actor",
  "pk": 140,
  "fields": {
    "tmdb_id": 3973145,
    "name": "Jose Conejo Martin",
    "photo_url": "https://image.tmdb.org/t/p/w500/uvzmbqkVs0FNMrGvCx2HM7Etxko.jpg"
  }
},
{
  "model": "movies.actor",
  "pk": 141,
  "fields": {
    "tmdb_id": 10297,
    "name": "Matthew McConaughey",
    "photo_url": "https://image.tmdb.org/t/p/w500/rUxLWWCDUF8RnDaocSqrVDJ2MS1.jpg"
  }
},
{
  "model": "movies.actor",
  "pk": 142,
  "fields": {
    "tmdb_id": 1540615,
    "name": "Tori Kelly",
    "photo_url": "https://image.tmdb.org/t/p/w500/jNKEWJf4FMac3yCK6jsM6TfFJG5.jpg"
  }
},
{
  "model": "movies.actor",
  "pk": 143,
  "fields": {
    "tmdb_id": 1303037,
    "name": "Taron Egerton",
    "photo_url": "https://image.tmdb.org/t/p/w500/vYjk7d9MMQv8vL3rGvuBY8LI55U.jpg"
  }
},
{
  "model": "movies.actor",
  "pk": 144,
  "fields": {
    "tmdb_id": 52842,
    "name": "Garth Jennings",
    "photo_url": "https://image.tmdb.org/t/p/w500/zl6ZWijGySSIYJRFalleAiGkxyQ.jpg"
  }
},
{
  "model": "movies.actor",
  "pk": 145,
  "fields": {
    "tmdb_id": 1683316,
    "name": "Eric Hayes",
    "photo_url": null
  }
},
{
  "model": "movies.actor",
  "pk": 146,
  "fields": {
    "tmdb_id": 3455079,
    "name": "Katherine Kelloway",
    "photo_url": null
  }
},
{
  "model": "movies.actor",
  "pk": 147,
  "fields": {
    "tmdb_id": 2001232,
    "name": "Joy Poirel",
    "photo_url": null
  }
},
{
  "model": "movies.actor",
  "pk": 148,
  "fields": {
    "tmdb_id": 26473,
    "name": "Fisher Stevens",
    "photo_url": "https://image.tmdb.org/t/p/w500/vfyZMT3t3mGTloYGrC7T3QhGkwp.jpg"
  }
},
{
  "model": "movies.actor",
  "pk": 149,
  "fields": {
    "tmdb_id": 3967,
    "name": "Kate Beckinsale",
    "photo_url": "https://image.tmdb.org/t/p/w500/9RnPZhX9PXaHL4PFE65RUQLSewt.jpg"
  }
},
{
  "model": "movies.actor",
  "pk": 150,
  "fields": {
    "tmdb_id": 36669,
    "name": "Rupert Friend",
    "photo_url": "https://image.tmdb.org/t/p/w500/mYgY8LrMkQ4OkGTIOf6MtkbMnnW.jpg"
  }
},
{
  "model": "movies.actor",
  "pk": 151,
  "fields": {
    "tmdb_id": 9825,
    "name": "Saffron Burrows",
    "photo_url": "https://image.tmdb.org/t/p/w500/2qMLZh9XWquBt7TZF9wmDiOtJdm.jpg"
  }
},
{
  "model": "movies.actor",
  "pk": 152,
  "fields": {
    "tmdb_id": 56614,
    "name": "Ray Stevenson",
    "photo_url": "https://image.tmdb.org/t/p/w500/msafbswGI6uisRuNvQ8a1wMF5Ca.jpg"
  }
},
{
  "model": "movies.actor",
  "pk": 153,
  "fields": {
    "tmdb_id": 44736,
    "name": "Goran Kostić",
    "photo_url": "https://image.tmdb.org/t/p/w500/m6CEa5UjqhPzLRbUNHku9GpvCmQ.jpg"
  }
},
{
  "model": "movies.actor",
  "pk": 154,
  "fields": {
    "tmdb_id": 11280,
    "name": "Ben Miles",
    "photo_url": "https://image.tmdb.org/t/p/w500/mT3BqoFUkyktXLvefQA6VxaGHJz.jpg"
  }
},
{
  "model": "movies.actor",
  "pk": 155,
  "fields": {
    "tmdb_id": 1678751,
    "name": "Jaz Hutchins",
    "photo_url": "https://image.tmdb.org/t/p/w500/Ala3Jt5ny3G5X4stI7X4SPJG2cz.jpg"
  }
},
{
  "model": "movies.actor",
  "pk": 156,
  "fields": {
    "tmdb_id": 2139178,
    "name": "Romina Tonković",
    "photo_url": "https://image.tmdb.org/t/p/w500/qQYqp9NHSuAxBKJpYtJY9Kq3T28.jpg"
  }
},
{
  "model": "movies.actor",
  "pk": 157,
  "fields": {
    "tmdb_id": 3857644,
    "name": "Ana Cilas",
    "photo_url": "https://image.tmdb.org/t/p/w500/tU8KAVsIPEjeGz426DW3S9eKqT2.jpg"
  }
},
{
  "model": "movies.actor",
  "pk": 158,
  "fields": {
    "tmdb_id": 3380501,
    "name": "Emma Gojković",
    "photo_url": "https://image.tmdb.org/t/p/w500/wKIfGsxrWQmfEtVf9fks1TwWWPm.jpg"
  }
},
{
  "model": "movies.actor",
  "pk": 159,
  "fields": {
    "tmdb_id": 4449979,
    "name": "Sarah McDonald",
    "photo_url": null
  }
},
{
  "model": "movies.actor",
  "pk": 160,
  "fields": {
    "tmdb_id": 4881205,
    "name": "Breanna Rossi",
    "photo_url": null
  }
},
{
  "model": "movies.actor",
  "pk": 161,
  "fields": {
    "tmdb_id": 4950812,
    "name": "Adela Perez",
    "photo_url": null
  }
},
{
  "model": "movies.actor",
  "pk": 162,
  "fields": {
    "tmdb_id": 4881202,
    "name": "Nicholas J. Barelli",
    "photo_url": null
  }
},
{
  "model": "movies.actor",
  "pk": 163,
  "fields": {
    "tmdb_id": 4950814,
    "name": "Hector De Alva",
    "photo_url": null
  }
},
{
  "model": "movies.actor",
  "pk": 164,
  "fields": {
    "tmdb_id": 4950815,
    "name": "Eugenia Preciado",
    "photo_url": null
  }
},
{
  "model": "movies.actor",
  "pk": 165,
  "fields": {
    "tmdb_id": 4950816,
    "name": "Adelina Topleva",
    "photo_url": null
  }
},
{
  "model": "movies.actor",
  "pk": 166,
  "fields": {
    "tmdb_id": 4950817,
    "name": "Olya Marynets",
    "photo_url": null
  }
},
{
  "model": "movies.actor",
  "pk": 167,
  "fields": {
    "tmdb_id": 4950818,
    "name": "Simona Curkoska",
    "photo_url": null
  }
},
{
  "model": "movies.actor",
  "pk": 168,
  "fields": {
    "tmdb_id": 73421,
    "name": "Joaquin Phoenix",
    "photo_url": "https://image.tmdb.org/t/p/w500/u38k3hQBDwNX0VA22aQceDp9Iyv.jpg"
  }
},
{
  "model": "movies.actor",
  "pk": 169,
  "fields": {
    "tmdb_id": 237405,
    "name": "Lady Gaga",
    "photo_url": "https://image.tmdb.org/t/p/w500/8BEujpdfDScHepZ3j9Kq2SObhE4.jpg"
  }
},
{
  "model": "movies.actor",
  "pk": 170,
  "fields": {
    "tmdb_id": 2039,
    "name": "Brendan Gleeson",
    "photo_url": "https://image.tmdb.org/t/p/w500/dTS2y7FLsnrskf0tPb8f9H7KAP3.jpg"
  }
},
{
  "model": "movies.actor",
  "pk": 171,
  "fields": {
    "tmdb_id": 2229,
    "name": "Catherine Keener",
    "photo_url": "https://image.tmdb.org/t/p/w500/n4CTwGszs6cwS1wJRlDQ5Mlh7Ex.jpg"
  }
},
{
  "model": "movies.actor",
  "pk": 172,
  "fields": {
    "tmdb_id": 1545693,
    "name": "Zazie Beetz",
    "photo_url": "https://image.tmdb.org/t/p/w500/ijrT4pvALvxU0gphea4YxDnDh6e.jpg"
  }
},
{
  "model": "movies.actor",
  "pk": 173,
  "fields": {
    "tmdb_id": 4581,
    "name": "Steve Coogan",
    "photo_url": "https://image.tmdb.org/t/p/w500/tT7OXc2qA6hlREHXdwGLp0XihzA.jpg"
  }
},
{
  "model": "movies.actor",
  "pk": 174,
  "fields": {
    "tmdb_id": 2399836,
    "name": "Harry Lawtey",
    "photo_url": "https://image.tmdb.org/t/p/w500/l2qFs3TntkZD0G3zFEd1o2DXSWX.jpg"
  }
},
{
  "model": "movies.actor",
  "pk": 175,
  "fields": {
    "tmdb_id": 1416396,
    "name": "Leigh Gill",
    "photo_url": "https://image.tmdb.org/t/p/w500/bn9h4ovCuMj01OybjIoTrakOL2z.jpg"
  }
},
{
  "model": "movies.actor",
  "pk": 176,
  "fields": {
    "tmdb_id": 2131,
    "name": "Ken Leung",
    "photo_url": "https://image.tmdb.org/t/p/w500/hpatUP6u74gkpDRmn9voNY9V43O.jpg"
  }
},
{
  "model": "movies.actor",
  "pk": 177,
  "fields": {
    "tmdb_id": 1171570,
    "name": "Jacob Lofland",
    "photo_url": "https://image.tmdb.org/t/p/w500/hlDVsEhgvNX5xnAcqX3HaBXAgNS.jpg"
  }
},
{
  "model": "movies.actor",
  "pk": 178,
  "fields": {
    "tmdb_id": 116612,
    "name": "Josephine Bornebusch",
    "photo_url": "https://image.tmdb.org/t/p/w500/nba2j9kEqZrFI1VdoYNXxWeK2Mv.jpg"
  }
},
{
  "model": "movies.actor",
  "pk": 179,
  "fields": {
    "tmdb_id": 76556,
    "name": "Pål Sverre Hagen",
    "photo_url": "https://image.tmdb.org/t/p/w500/eJzuZZfFBaMSgcbR3Pe5zBxEC3z.jpg"
  }
},
{
  "model": "movies.actor",
  "pk": 180,
  "fields": {
    "tmdb_id": 1882732,
    "name": "Sigrid Johnson",
    "photo_url": "https://image.tmdb.org/t/p/w500/4jn1H17ZB2nJgT0oVqkoaDryPTm.jpg"
  }
},
{
  "model": "movies.actor",
  "pk": 181,
  "fields": {
    "tmdb_id": 4416644,
    "name": "Olle Tikkakoski Lundström",
    "photo_url": null
  }
},
{
  "model": "movies.actor",
  "pk": 182,
  "fields": {
    "tmdb_id": 3166282,
    "name": "Leon Mentori",
    "photo_url": "https://image.tmdb.org/t/p/w500/1Y1niowpVEUgkXCRD4ZqGfX5YgX.jpg"
  }
},
{
  "model": "movies.actor",
  "pk": 183,
  "fields": {
    "tmdb_id": 79325,
    "name": "Tone Danielsen",
    "photo_url": "https://image.tmdb.org/t/p/w500/toKLCByR3MXEG1Dw05eLVzrXBTm.jpg"
  }
},
{
  "model": "movies.actor",
  "pk": 184,
  "fields": {
    "tmdb_id": 2164682,
    "name": "Irma Jämhammar",
    "photo_url": null
  }
},
{
  "model": "movies.actor",
  "pk": 185,
  "fields": {
    "tmdb_id": 6294,
    "name": "Niklas Falk",
    "photo_url": "https://image.tmdb.org/t/p/w500/1NqPIBlo9dpZJ075UzciE2TWq2b.jpg"
  }
},
{
  "model": "movies.actor",
  "pk": 186,
  "fields": {
    "tmdb_id": 1975452,
    "name": "Mathias Lithner",
    "photo_url": null
  }
},
{
  "model": "movies.actor",
  "pk": 187,
  "fields": {
    "tmdb_id": 3084984,
    "name": "Lola Zackow",
    "photo_url": "https://image.tmdb.org/t/p/w500/lC4qjdwr0spXDZJq4DbmZvOuEtL.jpg"
  }
},
{
  "model": "movies.genre",
  "pk": 1,
  "fields": {
    "name": "Science Fiction"
  }
},
{
  "model": "movies.genre",
  "pk": 2,
  "fields": {
    "name": "Action"
  }
},
{
  "model": "movies.genre",
  "pk": 3,
  "fields": {
    "name": "Adventure"
  }
},
{
  "model": "movies.genre",
  "pk": 4,
  "fields": {
    "name": "Horror"
  }
},
{
  "model": "movies.genre",
  "pk": 5,
  "fields": {
    "name": "Thriller"
  }
},
{
  "model": "movies.genre",
  "pk": 6,
  "fields": {
    "name": "Mystery"
  }
},
{
  "model": "movies.genre",
  "pk": 7,
  "fields": {
    "name": "Animation"
  }
},
{
  "model": "movies.genre",
  "pk": 8,
  "fields": {
    "name": "Family"
  }
},
{
  "model": "movies.genre",
  "pk": 9,
  "fields": {
    "name": "Drama"
  }
},
{
  "model": "movies.genre",
  "pk": 10,
  "fields": {
    "name": "Comedy"
  }
},
{
  "model": "movies.genre",
  "pk": 11,
  "fields": {
    "name": "Fantasy"
  }
},
{
  "model": "movies.genre",
  "pk": 12,
  "fields": {
    "name": "History"
  }
},
{
  "model": "movies.genre",
  "pk": 13,
  "fields": {
    "name": "Romance"
  }
},
{
  "model": "movies.genre",
  "pk": 14,
  "fields": {
    "name": "Crime"
  }
},
{
  "model": "movies.movie",
  "pk": 1,
  "fields": {
    "tmdb_id": 912649,
    "title": "Venom: The Last Dance",
    "release_date": "2024-10-22",
    "poster_image_url": "https://image.tmdb.org/t/p/w500/aosm8NMQ3UyoBVpSxyimorCQykC.jpg",
    "plot": "Eddie and Venom are on the run. Hunted by both of their worlds and with the net closing in, the duo are forced into a devastating decision that will bring the curtains down on Venom and Eddie's last dance.",
    "director": 1,
    "is_now_playing": true,
    "is_popular": true,
    "genres": [
      1,
      2,
      3
    ],
    "actors": [
      1,
      2,
      3,
      4,
      5,
      6,
      7,
      8,
      9,
      10
    ]
  }
},
{
  "model": "movies.movie",
  "pk": 2,
  "fields": {
    "tmdb_id": 1034541,
    "title": "Terrifier 3",
    "release_date": "2024-10-09",
    "poster_image_url": "https://image.tmdb.org/t/p/w500/l1175hgL5DoXnqeZQCcU3eZIdhX.jpg",
    "plot": "Five years after surviving Art the Clown's Halloween massacre, Sienna and Jonathan are still struggling to rebuild their shattered lives. As the holiday season approaches, they try to embrace the Christmas spirit and leave the horrors of the past behind. But just when they think they're safe, Art returns, determined to turn their holiday cheer into a new nightmare. The festive season quickly unravels as Art unleashes his twisted brand of terror, proving that no holiday is safe.",
    "director": 2,
    "is_now_playing": true,
    "is_popular": true,
    "genres": [
      4,
      5,
      6
    ],
    "actors": [
      11,
      12,
      13,
      14,
      15,
      16,
      17,
      18,
      19,
      20
    ]
  }
},
{
  "model": "movies.movie",
  "pk": 3,
  "fields": {
    "tmdb_id": 1184918,
    "title": "The Wild Robot",
    "release_date": "2024-09-12",
    "poster_image_url": "https://image.tmdb.org/t/p/w500/wTnV3PCVW5O92JMrFvvrRcV39RU.jpg",
    "plot": "After a shipwreck, an intelligent robot called Roz is stranded on an uninhabited island. To survive the harsh environment, Roz bonds with the island's animals and cares for an orphaned baby goose.",
    "director": 3,
    "is_now_playing": true,
    "is_popular": true,
    "genres": [
      1,
      7,
      8
    ],
    "actors": [
      21,
      22,
      23,
      24,
      25,
      26,
      27,
      28,
      29,
      30
    ]
  }
},
{
  "model": "movies.movie",
  "pk": 4,
  "fields": {
    "tmdb_id": 558449,
    "title": "Gladiator II",
    "release_date": "2024-11-13",
    "poster_image_url": "https://image.tmdb.org/t/p/w500/2cxhvwyEwRlysAmRH4iodkvo0z5.jpg",
    "plot": "Years after witnessing the death of the revered hero Maximus at the hands of his uncle, Lucius is forced to enter the Colosseum after his home is conquered by the tyrannical Emperors who now lead Rome with an iron fist. With rage in his heart and the future of the Empire at stake, Lucius must look to his past to find strength and honor to return the glory of Rome to its people.",
    "director": 4,
    "is_now_playing": true,
    "is_popular": true,
    "genres": [
      2,
      3,
      9
    ],
    "actors": [
      22,
      31,
      32,
      33,
      34,
      35,
      36,
      37,
      38,
      39
    ]
  }
},
{
  "model": "movies.movie",
  "pk": 5,
  "fields": {
    "tmdb_id": 933260,
    "title": "The Substance",
    "release_date": "2024-09-07",
    "poster_image_url": "https://image.tmdb.org/t/p/w500/lqoMzCcZYEFK729d6qzt349fB4o.jpg",
    "plot": "A fading celebrity decides to use a black market drug, a cell-replicating substance that temporarily creates a younger, better version of herself.",
    "director": 5,
    "is_now_playing": true,
    "is_popular": true,
    "genres": [
      1,
      4,
      9
    ],
    "actors": [
      40,
      41,
      42,
      43,
      44,
      45,
      46,
      47,
      48,
      49
    ]
  }
},
{
  "model": "movies.movie",
  "pk": 6,
  "fields": {
    "tmdb_id": 1124641,
    "title": "Classified",
    "release_date": "2024-09-19",
    "poster_image_url": "https://image.tmdb.org/t/p/w500/3k8jv1kSAAc0rCfFGtWDDQL4dfK.jpg",
    "plot": "Operating alone in the field for more than 20 years, a CIA hitman uses the \"Help Wanted\" section of the newspapers to get his orders from the Agency. His long-lost daughter, now a UK MI6 analyst, tracks him down to deliver shocking news: his CIA boss has been dead for years and the division long since shut down. Together, they set out to discover whose orders he's been executing.",
    "director": 6,
    "is_now_playing": true,
    "is_popular": true,
    "genres": [
      2,
      5
    ],
    "actors": [
      50,
      51,
      52,
      53,
      54,
      55,
      56,
      57,
      58,
      59
    ]
  }
},
{
  "model": "movies.movie",
  "pk": 7,
  "fields": {
    "tmdb_id": 845781,
    "title": "Red One",
    "release_date": "2024-10-31",
    "poster_image_url": "https://image.tmdb.org/t/p/w500/cdqLnri3NEGcmfnqwk2TSIYtddg.jpg",
    "plot": "After Santa Claus (codename: Red One) is kidnapped, the North Pole's Head of Security must team up with the world's most infamous bounty hunter in a globe-trotting, action-packed mission to save Christmas.",
    "director": 7,
    "is_now_playing": true,
    "is_popular": true,
    "genres": [
      2,
      10,
      11
    ],
    "actors": [
      60,
      61,
      62,
      63,
      64,
      65,
      66,
      67,
      68,
      69
    ]
  }
},
{
  "model": "movies.movie",
  "pk": 8,
  "fields": {
    "tmdb_id": 698687,
    "title": "Transformers One",
    "release_date": "2024-09-11",
    "poster_image_url": "https://image.tmdb.org/t/p/w500/qbkAqmmEIZfrCO8ZQAuIuVMlWoV.jpg",
    "plot": "The untold origin story of Optimus Prime and Megatron, better known as sworn enemies, but once were friends bonded like brothers who changed the fate of Cybertron forever.",
    "director": 8,
    "is_now_playing": true,
    "is_popular": true,
    "genres": [
      1,
      3,
      7,
      8
    ],
    "actors": [
      70,
      71,
      72,
      73,
      74,
      75,
      76,
      77,
      78,
      79
    ]
  }
},
{
  "model": "movies.movie",
  "pk": 9,
  "fields": {
    "tmdb_id": 1116490,
    "title": "Cash Out",
    "release_date": "2024-04-26",
    "poster_image_url": "https://image.tmdb.org/t/p/w500/xBJnIvRdL0nDHgvivr6EgBQizes.jpg",
    "plot": "Criminal mastermind Mason is about to execute the score of a lifetime when his lover and key member of his crew, Decker, takes the team down and reveals she’s an undercover Interpol agent. Heartbroken, Mason escapes and retires from the life of crime until his younger brother Shawn is out of his league taking on a big bank heist all on his own. Mason has no choice left but to come to the rescue, while Interpol brings Decker in hoping to unnerve him. Before the SWAT teams storm the bank, Mason must use every tool in his arsenal to not only escape with the prize, but also the love of his life.",
    "director": 9,
    "is_now_playing": true,
    "is_popular": true,
    "genres": [
      2,
      5
    ],
    "actors": [
      80,
      81,
      82,
      83,
      84,
      85,
      86,
      87,
      88,
      89
    ]
  }
},
{
  "model": "movies.movie",
  "pk": 10,
  "fields": {
    "tmdb_id": 1084736,
    "title": "The Count of Monte-Cristo",
    "release_date": "2024-06-28",
    "poster_image_url": "https://image.tmdb.org/t/p/w500/zw4kV7npGtaqvUxvJE9IdqdFsNc.jpg",
    "plot": "Edmond Dantes becomes the target of a sinister plot and is arrested on his wedding day for a crime he did not commit. After 14 years in the island prison of Château d’If, he manages a daring escape. Now rich beyond his dreams, he assumes the identity of the Count of Monte-Cristo and exacts his revenge on the three men who betrayed him.",
    "director": 10,
    "is_now_playing": true,
    "is_popular": true,
    "genres": [
      2,
      3,
      5,
      9,
      12,
      13
    ],
    "actors": [
      90,
      91,
      92,
      93,
      94,
      95,
      96,
      97,
      98,
      99
    ]
  }
},
{
  "model": "movies.movie",
  "pk": 11,
  "fields": {
    "tmdb_id": 1196470,
    "title": "Survive",
    "release_date": "2024-06-19",
    "poster_image_url": "https://image.tmdb.org/t/p/w500/7fR3KxswtY8OHHZuOUB9td58CRX.jpg",
    "plot": "A couple celebrates their son’s birthday in the middle of the ocean on their boat. A violent storm hits and it brings up hungry creatures from the depths and they fight for their survival.",
    "director": 11,
    "is_now_playing": true,
    "is_popular": true,
    "genres": [
      1,
      2,
      3,
      5
    ],
    "actors": [
      100,
      101,
      102,
      103,
      104,
      105
    ]
  }
},
{
  "model": "movies.movie",
  "pk": 12,
  "fields": {
    "tmdb_id": 1142518,
    "title": "Freedom",
    "release_date": "2024-11-01",
    "poster_image_url": "https://image.tmdb.org/t/p/w500/b2YL2kncIqlcDcqly78AsOPJi6r.jpg",
    "plot": "Inspired by the true events of one of France's most notorious non-violent robbers, Bruno Sulak, in the 1980s. He led multiple heists, then captured public attention for his many daring escapes from police custody...always to reunite with his beloved lover and accomplice Annie, becoming both France's Public Enemy #1 and an icon of Freedom.",
    "director": 12,
    "is_now_playing": true,
    "is_popular": false,
    "genres": [
      2,
      9,
      13
    ],
    "actors": [
      106,
      107,
      108,
      109,
      110,
      111,
      112,
      113,
      114,
      115
    ]
  }
},
{
  "model": "movies.movie",
  "pk": 13,
  "fields": {
    "tmdb_id": 1029235,
    "title": "Azrael",
    "release_date": "2024-09-27",
    "poster_image_url": "https://image.tmdb.org/t/p/w500/qpdFKDvJS7oLKTcBLXOaMwUESbs.jpg",
    "plot": "In a world where no one speaks, a devout female hunts down a young woman who has escaped her imprisonment. Recaptured by its ruthless leaders, Azrael is due to be sacrificed to pacify an ancient evil deep within the surrounding wilderness.",
    "director": 13,
    "is_now_playing": true,
    "is_popular": false,
    "genres": [
      2,
      4,
      5
    ],
    "actors": [
      116,
      117,
      118,
      119,
      120,
      121,
      122,
      123,
      124,
      125
    ]
  }
},
{
  "model": "movies.movie",
  "pk": 14,
  "fields": {
    "tmdb_id": 1094974,
    "title": "Take Cover",
    "release_date": "2024-10-04",
    "poster_image_url": "https://image.tmdb.org/t/p/w500/xNLiMNyFzKTL9PVIEulG55Hei8j.jpg",
    "plot": "A burned-out professional sniper finds himself trapped in an all-glass penthouse by a lethal competitor and must find a way to survive and escape with little to no cover between him and the killer.",
    "director": 14,
    "is_now_playing": true,
    "is_popular": false,
    "genres": [
      2,
      5
    ],
    "actors": [
      126,
      127,
      128,
      129,
      130,
      131,
      132,
      133
    ]
  }
},
{
  "model": "movies.movie",
  "pk": 15,
  "fields": {
    "tmdb_id": 1331375,
    "title": "Dominique",
    "release_date": "2024-10-11",
    "poster_image_url": "https://image.tmdb.org/t/p/w500/jvug7Esd89yNLJwGvUfeQ9j69cE.jpg",
    "plot": "Dominique, a well-trained assassin, flees from her troubled past in an attempt to begin a new life in South America. However, she soon finds herself in a town plagued with violence and corruption. Facing brutal attacks from the police and mafia, Dominique must decide whether to protect herself or an innocent family that has taken her in.",
    "director": 15,
    "is_now_playing": true,
    "is_popular": false,
    "genres": [
      2,
      5
    ],
    "actors": [
      134,
      135,
      136,
      137,
      138,
      139,
      140
    ]
  }
},
{
  "model": "movies.movie",
  "pk": 16,
  "fields": {
    "tmdb_id": 1371727,
    "title": "Sing: Thriller",
    "release_date": "2024-10-16",
    "poster_image_url": "https://image.tmdb.org/t/p/w500/i77OInTKcrnRlAozFOaB6D5mk15.jpg",
    "plot": "Buster Moon dreams up a star-studded spectacle set to Michael Jackson's \"Thriller\" in this animated short featuring characters from the hit \"Sing\" films.",
    "director": 16,
    "is_now_playing": true,
    "is_popular": false,
    "genres": [
      4,
      7,
      8,
      10
    ],
    "actors": [
      67,
      72,
      141,
      142,
      143,
      144,
      145,
      146,
      147,
      148
    ]
  }
},
{
  "model": "movies.movie",
  "pk": 17,
  "fields": {
    "tmdb_id": 976734,
    "title": "Canary Black",
    "release_date": "2024-10-10",
    "poster_image_url": "https://image.tmdb.org/t/p/w500/hhiR6uUbTYYvKoACkdAIQPS5c6f.jpg",
    "plot": "Top level CIA agent Avery Graves is blackmailed by terrorists into betraying her own country to save her kidnapped husband. Cut off from her team, she turns to her underworld contacts to survive and help locate the coveted intelligence that the kidnappers want.",
    "director": 17,
    "is_now_playing": true,
    "is_popular": false,
    "genres": [
      2,
      5,
      14
    ],
    "actors": [
      149,
      150,
      151,
      152,
      153,
      154,
      155,
      156,
      157,
      158
    ]
  }
},
{
  "model": "movies.movie",
  "pk": 18,
  "fields": {
    "tmdb_id": 1328814,
    "title": "Amityville: Where the Echo Lives",
    "release_date": "2024-10-28",
    "poster_image_url": "https://image.tmdb.org/t/p/w500/jqhAgE9ceTX8f9xTcqBlmXSuMG3.jpg",
    "plot": "When paranormal investigator Heather West receives a call from a terrified woman who claims her house is inhabited by a ghost, she discovers the building has a horrifying history. After a presence from beyond our world reaches out to her, Heather begins to feel a pull to the other side of the spirit plane. Can this hunter of specters deliver an innocent soul to a place of peace and discover an eternal truth in time to save her own life?",
    "director": 18,
    "is_now_playing": true,
    "is_popular": false,
    "genres": [
      4,
      6
    ],
    "actors": [
      159,
      160,
      161,
      162,
      163,
      164,
      165,
      166,
      167
    ]
  }
},
{
  "model": "movies.movie",
  "pk": 19,
  "fields": {
    "tmdb_id": 889737,
    "title": "Joker: Folie à Deux",
    "release_date": "2024-10-01",
    "poster_image_url": "https://image.tmdb.org/t/p/w500/if8QiqCI7WAGImKcJCfzp6VTyKA.jpg",
    "plot": "While struggling with his dual identity, Arthur Fleck not only stumbles upon true love, but also finds the music that's always been inside him.",
    "director": 19,
    "is_now_playing": true,
    "is_popular": false,
    "genres": [
      5,
      9,
      14
    ],
    "actors": [
      168,
      169,
      170,
      171,
      172,
      173,
      174,
      175,
      176,
      177
    ]
  }
},
{
  "model": "movies.movie",
  "pk": 20,
  "fields": {
    "tmdb_id": 1214484,
    "title": "Let Go",
    "release_date": "2024-11-01",
    "poster_image_url": "https://image.tmdb.org/t/p/w500/hIJRqqAaMUtQ13mZL6lCE6myhXH.jpg",
    "plot": "A jaded mother makes a last-ditch effort to keep her family together by taking them on a trip to their teenage daughter’s pole dancing competition.",
    "director": 20,
    "is_now_playing": true,
    "is_popular": false,
    "genres": [
      9
    ],
    "actors": [
      178,
      179,
      180,
      181,
      182,
      183,
      184,
      185,
      186,
      187
    ]
  }
},
{
  "model": "sites.site",
  "pk": 1,
  "fields": {
    "domain": "example.com",
    "name": "example.com"
  }
},
{
  "model": "auth.permission",
  "pk": 1,
  "fields": {
    "name": "Can add user",
    "content_type": 1,
    "codename": "add_user"
  }
},
{
  "model": "auth.permission",
  "pk": 2,
  "fields": {
    "name": "Can change user",
    "content_type": 1,
    "codename": "change_user"
  }
},
{
  "model": "auth.permission",
  "pk": 3,
  "fields": {
    "name": "Can delete user",
    "content_type": 1,
    "codename": "delete_user"
  }
},
{
  "model": "auth.permission",
  "pk": 4,
  "fields": {
    "name": "Can view user",
    "content_type": 1,
    "codename": "view_user"
  }
},
{
  "model": "auth.permission",
  "pk": 5,
  "fields": {
    "name": "Can add actor",
    "content_type": 2,
    "codename": "add_actor"
  }
},
{
  "model": "auth.permission",
  "pk": 6,
  "fields": {
    "name": "Can change actor",
    "content_type": 2,
    "codename": "change_actor"
  }
},
{
  "model": "auth.permission",
  "pk": 7,
  "fields": {
    "name": "Can delete actor",
    "content_type": 2,
    "codename": "delete_actor"
  }
},
{
  "model": "auth.permission",
  "pk": 8,
  "fields": {
    "name": "Can view actor",
    "content_type": 2,
    "codename": "view_actor"
  }
},
{
  "model": "auth.permission",
  "pk": 9,
  "fields": {
    "name": "Can add director",
    "content_type": 3,
    "codename": "add_director"
  }
},
{
  "model": "auth.permission",
  "pk": 10,
  "fields": {
    "name": "Can change director",
    "content_type": 3,
    "codename": "change_director"
  }
},
{
  "model": "auth.permission",
  "pk": 11,
  "fields": {
    "name": "Can delete director",
    "content_type": 3,
    "codename": "delete_director"
  }
},
{
  "model": "auth.permission",
  "pk": 12,
  "fields": {
    "name": "Can view director",
    "content_type": 3,
    "codename": "view_director"
  }
},
{
  "model": "auth.permission",
  "pk": 13,
  "fields": {
    "name": "Can add genre",
    "content_type": 4,
    "codename": "add_genre"
  }
},
{
  "model": "auth.permission",
  "pk": 14,
  "fields": {
    "name": "Can change genre",
    "content_type": 4,
    "codename": "change_genre"
  }
},
{
  "model": "auth.permission",
  "pk": 15,
  "fields": {
    "name": "Can delete genre",
    "content_type": 4,
    "codename": "delete_genre"
  }
},
{
  "model": "auth.permission",
  "pk": 16,
  "fields": {
    "name": "Can view genre",
    "content_type": 4,
    "codename": "view_genre"
  }
},
{
  "model": "auth.permission",
  "pk": 17,
  "fields": {
    "name": "Can add movie",
    "content_type": 5,
    "codename": "add_movie"
  }
},
{
  "model": "auth.permission",
  "pk": 18,
  "fields": {
    "name": "Can change movie",
    "content_type": 5,
    "codename": "change_movie"
  }
},
{
  "model": "auth.permission",
  "pk": 19,
  "fields": {
    "name": "Can delete movie",
    "content_type": 5,
    "codename": "delete_movie"
  }
},
{
  "model": "auth.permission",
  "pk": 20,
  "fields": {
    "name": "Can view movie",
    "content_type": 5,
    "codename": "view_movie"
  }
},
{
  "model": "auth.permission",
  "pk": 21,
  "fields": {
    "name": "Can add review",
    "content_type": 6,
    "codename": "add_review"
  }
},
{
  "model": "auth.permission",
  "pk": 22,
  "fields": {
    "name": "Can change review",
    "content_type": 6,
    "codename": "change_review"
  }
},
{
  "model": "auth.permission",
  "pk": 23,
  "fields": {
    "name": "Can delete review",
    "content_type": 6,
    "codename": "delete_review"
  }
},
{
  "model": "auth.permission",
  "pk": 24,
  "fields": {
    "name": "Can view review",
    "content_type": 6,
    "codename": "view_review"
  }
},
{
  "model": "auth.permission",
  "pk": 25,
  "fields": {
    "name": "Can add comment",
    "content_type": 7,
    "codename": "add_comment"
  }
},
{
  "model": "auth.permission",
  "pk": 26,
  "fields": {
    "name": "Can change comment",
    "content_type": 7,
    "codename": "change_comment"
  }
},
{
  "model": "auth.permission",
  "pk": 27,
  "fields": {
    "name": "Can delete comment",
    "content_type": 7,
    "codename": "delete_comment"
  }
},
{
  "model": "auth.permission",
  "pk": 28,
  "fields": {
    "name": "Can view comment",
    "content_type": 7,
    "codename": "view_comment"
  }
},
{
  "model": "auth.permission",
  "pk": 29,
  "fields": {
    "name": "Can add Token",
    "content_type": 8,
    "codename": "add_token"
  }
},
{
  "model": "auth.permission",
  "pk": 30,
  "fields": {
    "name": "Can change Token",
    "content_type": 8,
    "codename": "change_token"
  }
},
{
  "model": "auth.permission",
  "pk": 31,
  "fields": {
    "name": "Can delete Token",
    "content_type": 8,
    "codename": "delete_token"
  }
},
{
  "model": "auth.permission",
  "pk": 32,
  "fields": {
    "name": "Can view Token",
    "content_type": 8,
    "codename": "view_token"
  }
},
{
  "model": "auth.permission",
  "pk": 33,
  "fields": {
    "name": "Can add Token",
    "content_type": 9,
    "codename": "add_tokenproxy"
  }
},
{
  "model": "auth.permission",
  "pk": 34,
  "fields": {
    "name": "Can change Token",
    "content_type": 9,
    "codename": "change_tokenproxy"
  }
},
{
  "model": "auth.permission",
  "pk": 35,
  "fields": {
    "name": "Can delete Token",
    "content_type": 9,
    "codename": "delete_tokenproxy"
  }
},
{
  "model": "auth.permission",
  "pk": 36,
  "fields": {
    "name": "Can view Token",
    "content_type": 9,
    "codename": "view_tokenproxy"
  }
},
{
  "model": "auth.permission",
  "pk": 37,
  "fields": {
    "name": "Can add email address",
    "content_type": 10,
    "codename": "add_emailaddress"
  }
},
{
  "model": "auth.permission",
  "pk": 38,
  "fields": {
    "name": "Can change email address",
    "content_type": 10,
    "codename": "change_emailaddress"
  }
},
{
  "model": "auth.permission",
  "pk": 39,
  "fields": {
    "name": "Can delete email address",
    "content_type": 10,
    "codename": "delete_emailaddress"
  }
},
{
  "model": "auth.permission",
  "pk": 40,
  "fields": {
    "name": "Can view email address",
    "content_type": 10,
    "codename": "view_emailaddress"
  }
},
{
  "model": "auth.permission",
  "pk": 41,
  "fields": {
    "name": "Can add email confirmation",
    "content_type": 11,
    "codename": "add_emailconfirmation"
  }
},
{
  "model": "auth.permission",
  "pk": 42,
  "fields": {
    "name": "Can change email confirmation",
    "content_type": 11,
    "codename": "change_emailconfirmation"
  }
},
{
  "model": "auth.permission",
  "pk": 43,
  "fields": {
    "name": "Can delete email confirmation",
    "content_type": 11,
    "codename": "delete_emailconfirmation"
  }
},
{
  "model": "auth.permission",
  "pk": 44,
  "fields": {
    "name": "Can view email confirmation",
    "content_type": 11,
    "codename": "view_emailconfirmation"
  }
},
{
  "model": "auth.permission",
  "pk": 45,
  "fields": {
    "name": "Can add site",
    "content_type": 12,
    "codename": "add_site"
  }
},
{
  "model": "auth.permission",
  "pk": 46,
  "fields": {
    "name": "Can change site",
    "content_type": 12,
    "codename": "change_site"
  }
},
{
  "model": "auth.permission",
  "pk": 47,
  "fields": {
    "name": "Can delete site",
    "content_type": 12,
    "codename": "delete_site"
  }
},
{
  "model": "auth.permission",
  "pk": 48,
  "fields": {
    "name": "Can view site",
    "content_type": 12,
    "codename": "view_site"
  }
},
{
  "model": "auth.permission",
  "pk": 49,
  "fields": {
    "name": "Can add social account",
    "content_type": 13,
    "codename": "add_socialaccount"
  }
},
{
  "model": "auth.permission",
  "pk": 50,
  "fields": {
    "name": "Can change social account",
    "content_type": 13,
    "codename": "change_socialaccount"
  }
},
{
  "model": "auth.permission",
  "pk": 51,
  "fields": {
    "name": "Can delete social account",
    "content_type": 13,
    "codename": "delete_socialaccount"
  }
},
{
  "model": "auth.permission",
  "pk": 52,
  "fields": {
    "name": "Can view social account",
    "content_type": 13,
    "codename": "view_socialaccount"
  }
},
{
  "model": "auth.permission",
  "pk": 53,
  "fields": {
    "name": "Can add social application",
    "content_type": 14,
    "codename": "add_socialapp"
  }
},
{
  "model": "auth.permission",
  "pk": 54,
  "fields": {
    "name": "Can change social application",
    "content_type": 14,
    "codename": "change_socialapp"
  }
},
{
  "model": "auth.permission",
  "pk": 55,
  "fields": {
    "name": "Can delete social application",
    "content_type": 14,
    "codename": "delete_socialapp"
  }
},
{
  "model": "auth.permission",
  "pk": 56,
  "fields": {
    "name": "Can view social application",
    "content_type": 14,
    "codename": "view_socialapp"
  }
},
{
  "model": "auth.permission",
  "pk": 57,
  "fields": {
    "name": "Can add social application token",
    "content_type": 15,
    "codename": "add_socialtoken"
  }
},
{
  "model": "auth.permission",
  "pk": 58,
  "fields": {
    "name": "Can change social application token",
    "content_type": 15,
    "codename": "change_socialtoken"
  }
},
{
  "model": "auth.permission",
  "pk": 59,
  "fields": {
    "name": "Can delete social application token",
    "content_type": 15,
    "codename": "delete_socialtoken"
  }
},
{
  "model": "auth.permission",
  "pk": 60,
  "fields": {
    "name": "Can view social application token",
    "content_type": 15,
    "codename": "view_socialtoken"
  }
},
{
  "model": "auth.permission",
  "pk": 61,
  "fields": {
    "name": "Can add log entry",
    "content_type": 16,
    "codename": "add_logentry"
  }
},
{
  "model": "auth.permission",
  "pk": 62,
  "fields": {
    "name": "Can change log entry",
    "content_type": 16,
    "codename": "change_logentry"
  }
},
{
  "model": "auth.permission",
  "pk": 63,
  "fields": {
    "name": "Can delete log entry",
    "content_type": 16,
    "codename": "delete_logentry"
  }
},
{
  "model": "auth.permission",
  "pk": 64,
  "fields": {
    "name": "Can view log entry",
    "content_type": 16,
    "codename": "view_logentry"
  }
},
{
  "model": "auth.permission",
  "pk": 65,
  "fields": {
    "name": "Can add permission",
    "content_type": 17,
    "codename": "add_permission"
  }
},
{
  "model": "auth.permission",
  "pk": 66,
  "fields": {
    "name": "Can change permission",
    "content_type": 17,
    "codename": "change_permission"
  }
},
{
  "model": "auth.permission",
  "pk": 67,
  "fields": {
    "name": "Can delete permission",
    "content_type": 17,
    "codename": "delete_permission"
  }
},
{
  "model": "auth.permission",
  "pk": 68,
  "fields": {
    "name": "Can view permission",
    "content_type": 17,
    "codename": "view_permission"
  }
},
{
  "model": "auth.permission",
  "pk": 69,
  "fields": {
    "name": "Can add group",
    "content_type": 18,
    "codename": "add_group"
  }
},
{
  "model": "auth.permission",
  "pk": 70,
  "fields": {
    "name": "Can change group",
    "content_type": 18,
    "codename": "change_group"
  }
},
{
  "model": "auth.permission",
  "pk": 71,
  "fields": {
    "name": "Can delete group",
    "content_type": 18,
    "codename": "delete_group"
  }
},
{
  "model": "auth.permission",
  "pk": 72,
  "fields": {
    "name": "Can view group",
    "content_type": 18,
    "codename": "view_group"
  }
},
{
  "model": "auth.permission",
  "pk": 73,
  "fields": {
    "name": "Can add content type",
    "content_type": 19,
    "codename": "add_contenttype"
  }
},
{
  "model": "auth.permission",
  "pk": 74,
  "fields": {
    "name": "Can change content type",
    "content_type": 19,
    "codename": "change_contenttype"
  }
},
{
  "model": "auth.permission",
  "pk": 75,
  "fields": {
    "name": "Can delete content type",
    "content_type": 19,
    "codename": "delete_contenttype"
  }
},
{
  "model": "auth.permission",
  "pk": 76,
  "fields": {
    "name": "Can view content type",
    "content_type": 19,
    "codename": "view_contenttype"
  }
},
{
  "model": "auth.permission",
  "pk": 77,
  "fields": {
    "name": "Can add session",
    "content_type": 20,
    "codename": "add_session"
  }
},
{
  "model": "auth.permission",
  "pk": 78,
  "fields": {
    "name": "Can change session",
    "content_type": 20,
    "codename": "change_session"
  }
},
{
  "model": "auth.permission",
  "pk": 79,
  "fields": {
    "name": "Can delete session",
    "content_type": 20,
    "codename": "delete_session"
  }
},
{
  "model": "auth.permission",
  "pk": 80,
  "fields": {
    "name": "Can view session",
    "content_type": 20,
    "codename": "view_session"
  }
},
{
  "model": "contenttypes.contenttype",
  "pk": 1,
  "fields": {
    "app_label": "accounts",
    "model": "user"
  }
},
{
  "model": "contenttypes.contenttype",
  "pk": 2,
  "fields": {
    "app_label": "movies",
    "model": "actor"
  }
},
{
  "model": "contenttypes.contenttype",
  "pk": 3,
  "fields": {
    "app_label": "movies",
    "model": "director"
  }
},
{
  "model": "contenttypes.contenttype",
  "pk": 4,
  "fields": {
    "app_label": "movies",
    "model": "genre"
  }
},
{
  "model": "contenttypes.contenttype",
  "pk": 5,
  "fields": {
    "app_label": "movies",
    "model": "movie"
  }
},
{
  "model": "contenttypes.contenttype",
  "pk": 6,
  "fields": {
    "app_label": "reviews",
    "model": "review"
  }
},
{
  "model": "contenttypes.contenttype",
  "pk": 7,
  "fields": {
    "app_label": "reviews",
    "model": "comment"
  }
},
{
  "model": "contenttypes.contenttype",
  "pk": 8,
  "fields": {
    "app_label": "authtoken",
    "model": "token"
  }
},
{
  "model": "contenttypes.contenttype",
  "pk": 9,
  "fields": {
    "app_label": "authtoken",
    "model": "tokenproxy"
  }
},
{
  "model": "contenttypes.contenttype",
  "pk": 10,
  "fields": {
    "app_label": "account",
    "model": "emailaddress"
  }
},
{
  "model": "contenttypes.contenttype",
  "pk": 11,
  "fields": {
    "app_label": "account",
    "model": "emailconfirmation"
  }
},
{
  "model": "contenttypes.contenttype",
  "pk": 12,
  "fields": {
    "app_label": "sites",
    "model": "site"
  }
},
{
  "model": "contenttypes.contenttype",
  "pk": 13,
  "fields": {
    "app_label": "socialaccount",
    "model": "socialaccount"
  }
},
{
  "model": "contenttypes.contenttype",
  "pk": 14,
  "fields": {
    "app_label": "socialaccount",
    "model": "socialapp"
  }
},
{
  "model": "contenttypes.contenttype",
  "pk": 15,
  "fields": {
    "app_label": "socialaccount",
    "model": "socialtoken"
  }
},
{
  "model": "contenttypes.contenttype",
  "pk": 16,
  "fields": {
    "app_label": "admin",
    "model": "logentry"
  }
},
{
  "model": "contenttypes.contenttype",
  "pk": 17,
  "fields": {
    "app_label": "auth",
    "model": "permission"
  }
},
{
  "model": "contenttypes.contenttype",
  "pk": 18,
  "fields": {
    "app_label": "auth",
    "model": "group"
  }
},
{
  "model": "contenttypes.contenttype",
  "pk": 19,
  "fields": {
    "app_label": "contenttypes",
    "model": "contenttype"
  }
},
{
  "model": "contenttypes.contenttype",
  "pk": 20,
  "fields": {
    "app_label": "sessions",
    "model": "session"
  }
}
]
